{
  "-53.5":-0.4998079998,
  "-52.5":-0.500273867,
  "-51.5":-0.4999845856,
  "-50.5":-0.4999381179,
  "-49.5":-0.499883514,
  "-48.5":-0.5005681238,
  "-48.0":-0.4998193504,
  "-47.5":-0.4999938331,
  "-46.5":-0.4999052863,
  "-45.5":-0.5002991487,
  "-45.0":-0.4990515204,
  "-44.5":-0.500177969,
  "-44.0":-0.4991803203,
  "-43.5":-0.4982918923,
  "-43.0":-0.4990368403,
  "-42.5":-0.5008574356,
  "-42.0":-0.4988671428,
  "-41.5":-0.5004143061,
  "-41.0":-0.4996682483,
  "-40.5":-0.4986921108,
  "-40.0":-0.4986875872,
  "-39.5":-0.4981734867,
  "-39.0":-0.4970767788,
  "-38.5":-0.4976122001,
  "-38.0":-0.4980970942,
  "-37.5":-0.4970063932,
  "-37.0":-0.4969935537,
  "-36.5":-0.497803864,
  "-36.0":-0.4950702473,
  "-35.5":-0.4945834496,
  "-35.0":-0.4962909405,
  "-34.5":-0.4984287534,
  "-34.0":-0.4937213489,
  "-33.5":-0.4962442562,
  "-33.0":-0.4932315485,
  "-32.5":-0.4944870744,
  "-32.0":-0.4957364208,
  "-31.5":-0.4940778349,
  "-31.0":-0.4883680916,
  "-30.5":-0.4951565838,
  "-30.0":-0.4939128408,
  "-29.5":-0.4898773154,
  "-29.0":-0.4859672226,
  "-28.5":-0.4893233685,
  "-28.0":-0.4959627073,
  "-27.5":-0.4828853812,
  "-27.0":-0.4874109487,
  "-26.5":-0.4828912298,
  "-26.0":-0.4871040666,
  "-25.5":-0.4844004378,
  "-25.0":-0.4812157897,
  "-24.5":-0.4801418281,
  "-24.0":-0.478418769,
  "-23.5":-0.4777926888,
  "-23.0":-0.4778282267,
  "-22.5":-0.4801439814,
  "-22.0":-0.4778782602,
  "-21.5":-0.4706831166,
  "-21.0":-0.4724824964,
  "-20.5":-0.4643559935,
  "-20.0":-0.4681124242,
  "-19.5":-0.4628784574,
  "-19.0":-0.4606878743,
  "-18.5":-0.4485560583,
  "-18.0":-0.4544999621,
  "-17.5":-0.4466595751,
  "-17.0":-0.4499255325,
  "-16.5":-0.4393041982,
  "-16.0":-0.4452656868,
  "-15.5":-0.4363167188,
  "-15.0":-0.4236572111,
  "-14.5":-0.4160982623,
  "-14.0":-0.4188491416,
  "-13.5":-0.4086998846,
  "-13.0":-0.3955781722,
  "-12.5":-0.3902482791,
  "-12.0":-0.3891475244,
  "-11.5":-0.3774949459,
  "-11.0":-0.3579360499,
  "-10.5":-0.3437979128,
  "-10.0":-0.337677557,
  "-9.5":-0.3279976341,
  "-9.0":-0.3113183695,
  "-8.5":-0.2924762838,
  "-8.0":-0.2812178841,
  "-7.5":-0.263587604,
  "-7.0":-0.2565677191,
  "-6.5":-0.2236300812,
  "-6.0":-0.2071271118,
  "-5.5":-0.1911685101,
  "-5.0":-0.1781383075,
  "-4.5":-0.1532485899,
  "-4.0":-0.1485486485,
  "-3.5":-0.1147000353,
  "-3.0":-0.1050638362,
  "-2.5":-0.0749660484,
  "-2.0":-0.0603474059,
  "-1.5":-0.0317687826,
  "-1.0":-0.0239956933,
  "-0.5":0.0,
  "0.0":0.0,
  "0.5":0.0,
  "1.0":0.0239878002,
  "1.5":0.0324617516,
  "2.0":0.0596477775,
  "2.5":0.0749668734,
  "3.0":0.1043724448,
  "3.5":0.1146987849,
  "4.0":0.1492315066,
  "4.5":0.153247823,
  "5.0":0.1787845818,
  "5.5":0.1911687005,
  "6.0":0.2083864554,
  "6.5":0.2236305084,
  "7.0":0.2565677191,
  "7.5":0.2642187517,
  "8.0":0.2812169764,
  "8.5":0.2918819125,
  "9.0":0.3118743266,
  "9.5":0.3291029196,
  "10.0":0.3376815142,
  "10.5":0.3427583183,
  "11.0":0.3579376664,
  "11.5":0.3779582748,
  "12.0":0.3886979961,
  "12.5":0.3897997018,
  "13.0":0.3955818492,
  "13.5":0.4086928878,
  "14.0":0.4184880026,
  "14.5":0.4164720913,
  "15.0":0.4233167627,
  "15.5":0.4366565585,
  "16.0":0.4449935462,
  "16.5":0.439288204,
  "17.0":0.449691957,
  "17.5":0.446911984,
  "18.0":0.4549739305,
  "18.5":0.4476738408,
  "19.0":0.4612608797,
  "19.5":0.4628784574,
  "20.0":0.4677687389,
  "20.5":0.4648649729,
  "21.0":0.4723325457,
  "21.5":0.4709952475,
  "22.0":0.4776557984,
  "22.5":0.4802198186,
  "23.0":0.4780599712,
  "23.5":0.4777970961,
  "24.0":0.4788260296,
  "24.5":0.4794779341,
  "25.0":0.4809818659,
  "25.5":0.48485329,
  "26.0":0.4868821552,
  "26.5":0.4835104031,
  "27.0":0.4869156391,
  "27.5":0.4828853812,
  "28.0":0.4959627073,
  "28.5":0.4890702487,
  "29.0":0.4862252404,
  "29.5":0.4898773154,
  "30.0":0.4939128408,
  "30.5":0.4951565838,
  "31.0":0.4883680916,
  "31.5":0.4940778349,
  "32.0":0.4957364208,
  "32.5":0.4944870744,
  "33.0":0.4932315485,
  "33.5":0.4962442562,
  "34.0":0.4937213489,
  "34.5":0.498177199,
  "35.0":0.4965423181,
  "35.5":0.4945834496,
  "36.0":0.4950702473,
  "36.5":0.497803864,
  "37.0":0.4969935537,
  "37.5":0.4972459025,
  "38.0":0.4978520161,
  "38.5":0.4976122001,
  "39.0":0.4970767788,
  "39.5":0.4981734867,
  "40.0":0.4986875872,
  "40.5":0.4986921108,
  "41.0":0.4996682483,
  "41.5":0.5004143061,
  "42.0":0.4988671428,
  "42.5":0.5008574356,
  "43.0":0.4990368403,
  "43.5":0.4982918923,
  "44.0":0.4991803203,
  "44.5":0.500177969,
  "45.0":0.4990515204,
  "45.5":0.5002991487,
  "46.5":0.4999052863,
  "47.5":0.4999938331,
  "48.0":0.4998193504,
  "48.5":0.5005681238,
  "49.5":0.499883514,
  "50.5":0.4999381179,
  "51.5":0.4999845856,
  "52.5":0.500273867,
  "53.5":0.4998079998
}